{"useVlocityTriggers":true,"status":"Complete","processMultiple":true,"primaryDataPackType":"OmniScript","primaryDataPackKey":"efc852ae6ea48b787da2d5dc348fdf7c","maxDepth":-1,"isChunked":false,"ignoreAllErrors":false,"forceQueueable":false,"forceOldDataModel":null,"dataPacks":[{"VlocityPrimarySourceId":"a4q8V000004oItjQAE","VlocityPreviousPageKey":null,"VlocityMultiPackParentKey":null,"VlocityDepthFromPrimary":0,"VlocityDataPackType":"OmniScript","VlocityDataPackStatus":"Success","VlocityDataPackRelationshipType":"Primary","VlocityDataPackRecords":[],"VlocityDataPackParents":[],"VlocityDataPackName":"DualPickList","VlocityDataPackMessage":null,"VlocityDataPackLabel":"OmniScript","VlocityDataPackKey":"efc852ae6ea48b787da2d5dc348fdf7c","VlocityDataPackIsNotSupported":false,"VlocityDataPackIsIncluded":true,"VlocityDataPackData":{"VlocityDataPackRelationshipType":"Primary","VlocityDataPackKey":"efc852ae6ea48b787da2d5dc348fdf7c","VlocityDataPackLabel":"OmniScript","VlocityDataPackType":"OmniScript","Id":"a4q8V000004oItjQAE","%vlocity_namespace%__OmniScript__c":[{"Id":"a4q8V000004oItjQAE","Name":"DualPickList","MayEdit":true,"IsLocked":false,"%vlocity_namespace%__AdditionalInformation__c":"Sample OS using the DualPickList custom LWC.  Values available for selection are provided based on a JSON node structure (can be created using a DR or SetValues)","%vlocity_namespace%__DisableMetadataCache__c":false,"%vlocity_namespace%__ElementTypeToHTMLTemplateList__c":"{\"ElementTypeToHTMLTemplateList\":[]}","%vlocity_namespace%__IsLwcEnabled__c":true,"%vlocity_namespace%__IsProcedure__c":false,"%vlocity_namespace%__IsReusable__c":false,"%vlocity_namespace%__IsTest__c":false,"%vlocity_namespace%__Language__c":"English","%vlocity_namespace%__LwcId__c":"840bebab-b7de-5da4-0c24-a2bdac55d858","%vlocity_namespace%__OmniProcessType__c":"OmniScript","%vlocity_namespace%__PropertySet__c":"{\"persistentComponent\":[{\"render\":false,\"label\":\"\",\"remoteClass\":\"\",\"remoteMethod\":\"\",\"remoteTimeout\":30000,\"remoteOptions\":{\"preTransformBundle\":\"\",\"postTransformBundle\":\"\"},\"preTransformBundle\":\"\",\"postTransformBundle\":\"\",\"sendJSONPath\":\"\",\"sendJSONNode\":\"\",\"responseJSONPath\":\"\",\"responseJSONNode\":\"\",\"id\":\"vlcCart\",\"itemsKey\":\"cartItems\",\"modalConfigurationSetting\":{\"modalHTMLTemplateId\":\"vlcProductConfig.html\",\"modalController\":\"ModalProductCtrl\",\"modalSize\":\"lg\"}},{\"render\":false,\"dispOutsideOmni\":false,\"label\":\"\",\"remoteClass\":\"\",\"remoteMethod\":\"\",\"remoteTimeout\":30000,\"remoteOptions\":{\"preTransformBundle\":\"\",\"postTransformBundle\":\"\"},\"preTransformBundle\":\"\",\"postTransformBundle\":\"\",\"id\":\"vlcKnowledge\",\"itemsKey\":\"knowledgeItems\",\"modalConfigurationSetting\":{\"modalHTMLTemplateId\":\"\",\"modalController\":\"\",\"modalSize\":\"lg\"}}],\"allowSaveForLater\":true,\"saveNameTemplate\":null,\"saveExpireInDays\":null,\"saveForLaterRedirectPageName\":\"sflRedirect\",\"saveForLaterRedirectTemplateUrl\":\"vlcSaveForLaterAcknowledge.html\",\"saveContentEncoded\":false,\"saveObjectId\":\"%ContextId%\",\"saveURLPatterns\":{},\"autoSaveOnStepNext\":false,\"elementTypeToHTMLTemplateMapping\":{},\"seedDataJSON\":{},\"trackingCustomData\":{},\"enableKnowledge\":false,\"bLK\":false,\"lkObjName\":null,\"knowledgeArticleTypeQueryFieldsMap\":{},\"timeTracking\":false,\"hideStepChart\":false,\"mergeSavedData\":false,\"visualforcePagesAvailableInPreview\":{},\"cancelType\":\"SObject\",\"allowCancel\":true,\"cancelSource\":\"%ContextId%\",\"cancelRedirectPageName\":\"OmniScriptCancelled\",\"cancelRedirectTemplateUrl\":\"vlcCancelled.html\",\"consoleTabLabel\":\"New\",\"wpm\":false,\"ssm\":false,\"message\":{},\"pubsub\":false,\"autoFocus\":false,\"currencyCode\":\"\",\"showInputWidth\":false,\"rtpSeed\":false,\"consoleTabTitle\":null,\"consoleTabIcon\":\"custom:custom18\",\"errorMessage\":{\"custom\":[]},\"stylesheet\":{\"newport\":\"\",\"lightning\":\"\",\"newportRtl\":\"\",\"lightningRtl\":\"\"},\"stepChartPlacement\":\"right\",\"disableUnloadWarn\":true,\"scrollBehavior\":\"auto\",\"currentLanguage\":\"en_US\"}","%vlocity_namespace%__SubType__c":"DualPickList","%vlocity_namespace%__Type__c":"Demo","%vlocity_namespace%__Version__c":2,"%vlocity_namespace%__IsActive__c":false,"%vlocity_namespace%__Element__c":[{"Id":"a3D8V000004hVQpUAM","Name":"dualPickList","MayEdit":true,"IsLocked":false,"%vlocity_namespace%__OmniScriptId__c":{"Name":"DualPickList","VlocityRecordSObjectType":"%vlocity_namespace%__OmniScript__c","VlocityDataPackType":"VlocityMatchingKeyObject","VlocityMatchingRecordSourceKey":"VlocityRecordSourceKey:a4q8V000004oItjQAE"},"%vlocity_namespace%__Active__c":true,"%vlocity_namespace%__Level__c":1,"%vlocity_namespace%__OmniScriptVersion__c":2,"%vlocity_namespace%__Order__c":0,"%vlocity_namespace%__ParentElementId__c":{"Name":"Step1","%vlocity_namespace%__OmniScriptId__c":{"Name":"DualPickList","VlocityRecordSObjectType":"%vlocity_namespace%__OmniScript__c","VlocityDataPackType":"VlocityMatchingKeyObject","VlocityMatchingRecordSourceKey":"VlocityRecordSourceKey:a4q8V000004oItjQAE"},"VlocityRecordSObjectType":"%vlocity_namespace%__Element__c","VlocityDataPackType":"VlocityMatchingKeyObject","VlocityMatchingRecordSourceKey":"VlocityRecordSourceKey:a3D8V000004hVQqUAM"},"%vlocity_namespace%__ParentElementName__c":"Step1","%vlocity_namespace%__ParentElementType__c":"Step","%vlocity_namespace%__PropertySet__c":"{\"controlWidth\":12,\"label\":\"Dual Pick List\",\"show\":null,\"conditionType\":\"Hide if False\",\"hide\":false,\"lwcName\":\"sfiArch_DualPickList\",\"bStandalone\":false,\"customAttributes\":[{\"name\":\"mydata\",\"source\":\"%DualPickListValues%\"},{\"name\":\"sourcelabel\",\"source\":\"%mySourceLabel%\"},{\"name\":\"selectedlabel\",\"source\":\"%mySelectedLabel%\"},{\"name\":\"label\",\"source\":\"%myDualPickListLabel%\"}]}","%vlocity_namespace%__ReusableOmniScript__c":false,"%vlocity_namespace%__Type__c":"Custom Lightning Web Component","VlocityRecordSObjectType":"%vlocity_namespace%__Element__c","VlocityDataPackType":"SObject","VlocityRecordSourceKey":"VlocityRecordSourceKey:a3D8V000004hVQpUAM","VlocityDataPackIsIncluded":true,"%vlocity_namespace%__InternalNotes__c":"","%vlocity_namespace%__SearchKey__c":""},{"Id":"a3D8V000004hVQqUAM","Name":"Step1","MayEdit":true,"IsLocked":false,"%vlocity_namespace%__OmniScriptId__c":{"Name":"DualPickList","VlocityRecordSObjectType":"%vlocity_namespace%__OmniScript__c","VlocityDataPackType":"VlocityMatchingKeyObject","VlocityMatchingRecordSourceKey":"VlocityRecordSourceKey:a4q8V000004oItjQAE"},"%vlocity_namespace%__Active__c":true,"%vlocity_namespace%__Level__c":0,"%vlocity_namespace%__OmniScriptVersion__c":2,"%vlocity_namespace%__Order__c":2,"%vlocity_namespace%__PropertySet__c":"{\"label\":\"Step 1\",\"validationRequired\":true,\"previousLabel\":\"Previous\",\"previousWidth\":3,\"nextLabel\":\"Next\",\"nextWidth\":3,\"cancelLabel\":\"Cancel\",\"cancelMessage\":\"Are you sure?\",\"saveLabel\":\"Save for later\",\"saveMessage\":\"Are you sure you want to save it for later?\",\"completeLabel\":\"Complete\",\"completeMessage\":\"Are you sure you want to complete the script?\",\"instruction\":\"\",\"showPersistentComponent\":[true,false],\"remoteClass\":\"\",\"remoteMethod\":\"\",\"remoteTimeout\":30000,\"remoteOptions\":{},\"knowledgeOptions\":{\"language\":\"English\",\"publishStatus\":\"Online\",\"keyword\":\"\",\"dataCategoryCriteria\":\"\",\"remoteTimeout\":30000,\"typeFilter\":\"\"},\"show\":null,\"conditionType\":\"Hide if False\",\"HTMLTemplateId\":\"\",\"instructionKey\":\"\",\"chartLabel\":null,\"allowSaveForLater\":true,\"errorMessage\":{\"custom\":[],\"default\":null},\"wpm\":false,\"ssm\":false,\"message\":{},\"pubsub\":false,\"businessCategory\":\"\",\"businessEvent\":\"\"}","%vlocity_namespace%__ReusableOmniScript__c":false,"%vlocity_namespace%__Type__c":"Step","VlocityRecordSObjectType":"%vlocity_namespace%__Element__c","VlocityDataPackType":"SObject","VlocityRecordSourceKey":"VlocityRecordSourceKey:a3D8V000004hVQqUAM","VlocityDataPackIsIncluded":true,"%vlocity_namespace%__InternalNotes__c":"","%vlocity_namespace%__ParentElementId__c":"","%vlocity_namespace%__SearchKey__c":""},{"Id":"a3D8V000004hVQrUAM","Name":"SetDualPickListValues","MayEdit":true,"IsLocked":false,"%vlocity_namespace%__OmniScriptId__c":{"Name":"DualPickList","VlocityRecordSObjectType":"%vlocity_namespace%__OmniScript__c","VlocityDataPackType":"VlocityMatchingKeyObject","VlocityMatchingRecordSourceKey":"VlocityRecordSourceKey:a4q8V000004oItjQAE"},"%vlocity_namespace%__Active__c":true,"%vlocity_namespace%__Level__c":0,"%vlocity_namespace%__OmniScriptVersion__c":2,"%vlocity_namespace%__Order__c":1,"%vlocity_namespace%__PropertySet__c":"{\"controlWidth\":12,\"label\":\"SetDualPickListValues\",\"elementValueMap\":{\"mySourceLabel\":\"Available Products\",\"mySelectedLabel\":\"Selected Products\",\"myDualPickListLabel\":\"Products\"},\"showPersistentComponent\":[true,false],\"show\":null,\"HTMLTemplateId\":\"\",\"wpm\":false,\"ssm\":false,\"message\":{},\"pubsub\":false}","%vlocity_namespace%__ReusableOmniScript__c":false,"%vlocity_namespace%__Type__c":"Set Values","VlocityRecordSObjectType":"%vlocity_namespace%__Element__c","VlocityDataPackType":"SObject","VlocityRecordSourceKey":"VlocityRecordSourceKey:a3D8V000004hVQrUAM","VlocityDataPackIsIncluded":true,"%vlocity_namespace%__InternalNotes__c":"","%vlocity_namespace%__ParentElementId__c":"","%vlocity_namespace%__SearchKey__c":""},{"Id":"a3D8V000004hVQsUAM","Name":"getItemsForDualPickList","MayEdit":true,"IsLocked":false,"%vlocity_namespace%__OmniScriptId__c":{"Name":"DualPickList","VlocityRecordSObjectType":"%vlocity_namespace%__OmniScript__c","VlocityDataPackType":"VlocityMatchingKeyObject","VlocityMatchingRecordSourceKey":"VlocityRecordSourceKey:a4q8V000004oItjQAE"},"%vlocity_namespace%__Active__c":true,"%vlocity_namespace%__Level__c":0,"%vlocity_namespace%__OmniScriptVersion__c":2,"%vlocity_namespace%__Order__c":0,"%vlocity_namespace%__PropertySet__c":"{\"controlWidth\":12,\"label\":\"getItemsForDualPickList\",\"bundle\":\"sfiArch_GetProductsForDualPickList\",\"ignoreCache\":false,\"dataRaptor Input Parameters\":[],\"remoteTimeout\":30000,\"responseJSONPath\":\"\",\"responseJSONNode\":\"\",\"inProgressMessage\":\"In Progress\",\"postMessage\":\"Done\",\"failureNextLabel\":\"Continue\",\"failureAbortLabel\":\"Abort\",\"failureGoBackLabel\":\"Go Back\",\"failureAbortMessage\":\"Are you sure?\",\"validationRequired\":\"Step\",\"redirectPageName\":\"\",\"redirectTemplateUrl\":\"vlcAcknowledge.html\",\"redirectNextLabel\":\"Next\",\"redirectNextWidth\":3,\"redirectPreviousLabel\":\"Previous\",\"redirectPreviousWidth\":3,\"showPersistentComponent\":[true,false],\"show\":null,\"HTMLTemplateId\":\"\",\"wpm\":false,\"ssm\":false,\"message\":{},\"pubsub\":false,\"errorMessage\":{\"custom\":[],\"default\":null},\"enableDefaultAbort\":false,\"enableActionMessage\":false,\"businessCategory\":\"\",\"businessEvent\":\"\"}","%vlocity_namespace%__ReusableOmniScript__c":false,"%vlocity_namespace%__Type__c":"DataRaptor Extract Action","VlocityRecordSObjectType":"%vlocity_namespace%__Element__c","VlocityDataPackType":"SObject","VlocityRecordSourceKey":"VlocityRecordSourceKey:a3D8V000004hVQsUAM","VlocityDataPackIsIncluded":true,"%vlocity_namespace%__InternalNotes__c":"","%vlocity_namespace%__ParentElementId__c":"","%vlocity_namespace%__SearchKey__c":""}],"VlocityRecordSObjectType":"%vlocity_namespace%__OmniScript__c","VlocityDataPackType":"SObject","VlocityRecordSourceKey":"VlocityRecordSourceKey:a4q8V000004oItjQAE","VlocityDataPackIsIncluded":true,"%vlocity_namespace%__CustomJavaScript__c":"","%vlocity_namespace%__DataRaptorBundleId__c":"","%vlocity_namespace%__JSON_Output__c":"","%vlocity_namespace%__LastPreviewPage__c":"","%vlocity_namespace%__ProcedureKey__c":"","%vlocity_namespace%__ProcedureResponseCacheType__c":"","%vlocity_namespace%__RequiredPermission__c":"","%vlocity_namespace%__TestHTMLTemplates__c":""}]},"VlocityDataPackAllRelationships":{"41b33fd162edc9a0fffbe9cfc4baf00e":"Reference by Name"},"DataPackAttachmentSize":11373,"DataPackAttachmentParentId":"a7Y8V0000009nBJUAY","DataPackAttachmentId":"00P8V00001wGSQmUAO","ActivationStatus":"Ready"},{"VlocityPrimarySourceId":"a2p8V0000027EIFQA2","VlocityPreviousPageKey":null,"VlocityMultiPackParentKey":null,"VlocityDepthFromPrimary":0,"VlocityDataPackType":"DataRaptor","VlocityDataPackStatus":"Success","VlocityDataPackRelationshipType":"Sibling","VlocityDataPackRecords":[],"VlocityDataPackParents":[],"VlocityDataPackName":"sfiArch_GetProductsForDualPickList","VlocityDataPackMessage":null,"VlocityDataPackLabel":"DataRaptor","VlocityDataPackKey":"41b33fd162edc9a0fffbe9cfc4baf00e","VlocityDataPackIsNotSupported":false,"VlocityDataPackIsIncluded":true,"VlocityDataPackData":{"VlocityDataPackRelationshipType":"Sibling","VlocityDataPackKey":"41b33fd162edc9a0fffbe9cfc4baf00e","VlocityDataPackLabel":"DataRaptor","VlocityDataPackType":"DataRaptor","Id":"sfiArch_GetProductsForDualPickList","%vlocity_namespace%__DRBundle__c":[{"Id":"a2p8V0000027EIFQA2","Name":"sfiArch_GetProductsForDualPickList","MayEdit":true,"IsLocked":false,"%vlocity_namespace%__CheckFieldLevelSecurity__c":false,"%vlocity_namespace%__DRMapName__c":"sfiArch_GetProductsForDualPickList","%vlocity_namespace%__DeleteOnSuccess__c":false,"%vlocity_namespace%__IgnoreErrors__c":false,"%vlocity_namespace%__InputType__c":"JSON","%vlocity_namespace%__InterfaceObject__c":"json","%vlocity_namespace%__IsDefaultForInterface__c":false,"%vlocity_namespace%__IsProcessSuperBulk__c":false,"%vlocity_namespace%__OMplusSyncEnabled__c":true,"%vlocity_namespace%__OutputType__c":"JSON","%vlocity_namespace%__OverwriteAllNullValues__c":false,"%vlocity_namespace%__ProcessNowThreshold__c":-1,"%vlocity_namespace%__RollbackOnError__c":false,"%vlocity_namespace%__SampleInputJSON__c":"{}","%vlocity_namespace%__Type__c":"Extract","%vlocity_namespace%__UseAssignmentRules__c":false,"%vlocity_namespace%__UseTranslations__c":false,"%vlocity_namespace%__XmlRemoveDeclaration__c":false,"%vlocity_namespace%__DRMapItem__c":[{"Id":"a2r8V000003nzhHQAQ","Name":"sfiArch_GetProductsForDualPickList","MayEdit":true,"IsLocked":false,"%vlocity_namespace%__DomainObjectAPIName__c":"json","%vlocity_namespace%__DomainObjectCreationOrder__c":0,"%vlocity_namespace%__DomainObjectFieldAPIName__c":"Products","%vlocity_namespace%__FilterGroup__c":0,"%vlocity_namespace%__FilterOperator__c":"<>","%vlocity_namespace%__FilterValue__c":"\"\"","%vlocity_namespace%__InterfaceFieldAPIName__c":"Id","%vlocity_namespace%__InterfaceObjectLookupOrder__c":1,"%vlocity_namespace%__InterfaceObjectName__c":"Product2","%vlocity_namespace%__IsDisabled__c":false,"%vlocity_namespace%__IsRequiredForUpsert__c":false,"%vlocity_namespace%__MapId__c":"sfiArch_GetProductsForDualPickList13373167784390194","%vlocity_namespace%__OMplusSyncEnabled__c":true,"%vlocity_namespace%__UpsertKey__c":false,"VlocityRecordSObjectType":"%vlocity_namespace%__DRMapItem__c","VlocityDataPackType":"SObject","VlocityRecordSourceKey":"VlocityRecordSourceKey:a2r8V000003nzhHQAQ","VlocityDataPackIsIncluded":true,"%vlocity_namespace%__ConfigurationAttribute__c":"","%vlocity_namespace%__ConfigurationCategory__c":"","%vlocity_namespace%__ConfigurationGroup__c":"","%vlocity_namespace%__ConfigurationKey__c":"","%vlocity_namespace%__ConfigurationPattern__c":"","%vlocity_namespace%__ConfigurationProcess__c":"","%vlocity_namespace%__ConfigurationType__c":"","%vlocity_namespace%__ConfigurationValue__c":"","%vlocity_namespace%__DefaultValue__c":"","%vlocity_namespace%__DisplayType__c":"","%vlocity_namespace%__DomainObjectFieldType__c":"","%vlocity_namespace%__FormulaOrder__c":"","%vlocity_namespace%__FormulaResultPath__c":"","%vlocity_namespace%__Formula__c":"","%vlocity_namespace%__GlobalKey__c":"","%vlocity_namespace%__LinkCreatedField__c":"","%vlocity_namespace%__LinkCreatedIndex__c":"","%vlocity_namespace%__LookupDomainObjectFieldName__c":"","%vlocity_namespace%__LookupDomainObjectName__c":"","%vlocity_namespace%__LookupDomainObjectRequestedFieldName__c":"","%vlocity_namespace%__TransformValuesMap__c":""},{"Id":"a2r8V000003nzhIQAQ","Name":"sfiArch_GetProductsForDualPickList","MayEdit":true,"IsLocked":false,"%vlocity_namespace%__DomainObjectAPIName__c":"json","%vlocity_namespace%__DomainObjectCreationOrder__c":0,"%vlocity_namespace%__DomainObjectFieldAPIName__c":"Products","%vlocity_namespace%__FilterGroup__c":0,"%vlocity_namespace%__FilterOperator__c":"LIMIT","%vlocity_namespace%__FilterValue__c":"20","%vlocity_namespace%__InterfaceObjectLookupOrder__c":1,"%vlocity_namespace%__InterfaceObjectName__c":"Product2","%vlocity_namespace%__IsDisabled__c":false,"%vlocity_namespace%__IsRequiredForUpsert__c":false,"%vlocity_namespace%__MapId__c":"sfiArch_GetProductsForDualPickList17332810941293353","%vlocity_namespace%__OMplusSyncEnabled__c":true,"%vlocity_namespace%__UpsertKey__c":false,"VlocityRecordSObjectType":"%vlocity_namespace%__DRMapItem__c","VlocityDataPackType":"SObject","VlocityRecordSourceKey":"VlocityRecordSourceKey:a2r8V000003nzhIQAQ","VlocityDataPackIsIncluded":true,"%vlocity_namespace%__ConfigurationAttribute__c":"","%vlocity_namespace%__ConfigurationCategory__c":"","%vlocity_namespace%__ConfigurationGroup__c":"","%vlocity_namespace%__ConfigurationKey__c":"","%vlocity_namespace%__ConfigurationPattern__c":"","%vlocity_namespace%__ConfigurationProcess__c":"","%vlocity_namespace%__ConfigurationType__c":"","%vlocity_namespace%__ConfigurationValue__c":"","%vlocity_namespace%__DefaultValue__c":"","%vlocity_namespace%__DisplayType__c":"","%vlocity_namespace%__DomainObjectFieldType__c":"","%vlocity_namespace%__FormulaOrder__c":"","%vlocity_namespace%__FormulaResultPath__c":"","%vlocity_namespace%__Formula__c":"","%vlocity_namespace%__GlobalKey__c":"","%vlocity_namespace%__InterfaceFieldAPIName__c":"","%vlocity_namespace%__LinkCreatedField__c":"","%vlocity_namespace%__LinkCreatedIndex__c":"","%vlocity_namespace%__LookupDomainObjectFieldName__c":"","%vlocity_namespace%__LookupDomainObjectName__c":"","%vlocity_namespace%__LookupDomainObjectRequestedFieldName__c":"","%vlocity_namespace%__TransformValuesMap__c":""},{"Id":"a2r8V000003nzhJQAQ","Name":"sfiArch_GetProductsForDualPickList","MayEdit":true,"IsLocked":false,"%vlocity_namespace%__DomainObjectAPIName__c":"json","%vlocity_namespace%__DomainObjectCreationOrder__c":1,"%vlocity_namespace%__DomainObjectFieldAPIName__c":"DualPickListValues:PickListLabel","%vlocity_namespace%__InterfaceFieldAPIName__c":"Products:Name","%vlocity_namespace%__IsDisabled__c":false,"%vlocity_namespace%__IsRequiredForUpsert__c":false,"%vlocity_namespace%__MapId__c":"sfiArch_GetProductsForDualPickList22890045725621122","%vlocity_namespace%__OMplusSyncEnabled__c":true,"%vlocity_namespace%__UpsertKey__c":false,"VlocityRecordSObjectType":"%vlocity_namespace%__DRMapItem__c","VlocityDataPackType":"SObject","VlocityRecordSourceKey":"VlocityRecordSourceKey:a2r8V000003nzhJQAQ","VlocityDataPackIsIncluded":true,"%vlocity_namespace%__ConfigurationAttribute__c":"","%vlocity_namespace%__ConfigurationCategory__c":"","%vlocity_namespace%__ConfigurationGroup__c":"","%vlocity_namespace%__ConfigurationKey__c":"","%vlocity_namespace%__ConfigurationPattern__c":"","%vlocity_namespace%__ConfigurationProcess__c":"","%vlocity_namespace%__ConfigurationType__c":"","%vlocity_namespace%__ConfigurationValue__c":"","%vlocity_namespace%__DefaultValue__c":"","%vlocity_namespace%__DisplayType__c":"","%vlocity_namespace%__DomainObjectFieldType__c":"","%vlocity_namespace%__FilterGroup__c":"","%vlocity_namespace%__FilterOperator__c":"","%vlocity_namespace%__FilterValue__c":"","%vlocity_namespace%__FormulaOrder__c":"","%vlocity_namespace%__FormulaResultPath__c":"","%vlocity_namespace%__Formula__c":"","%vlocity_namespace%__GlobalKey__c":"","%vlocity_namespace%__InterfaceObjectLookupOrder__c":"","%vlocity_namespace%__InterfaceObjectName__c":"","%vlocity_namespace%__LinkCreatedField__c":"","%vlocity_namespace%__LinkCreatedIndex__c":"","%vlocity_namespace%__LookupDomainObjectFieldName__c":"","%vlocity_namespace%__LookupDomainObjectName__c":"","%vlocity_namespace%__LookupDomainObjectRequestedFieldName__c":"","%vlocity_namespace%__TransformValuesMap__c":""},{"Id":"a2r8V000003nzhKQAQ","Name":"sfiArch_GetProductsForDualPickList","MayEdit":true,"IsLocked":false,"%vlocity_namespace%__DomainObjectAPIName__c":"json","%vlocity_namespace%__DomainObjectCreationOrder__c":1,"%vlocity_namespace%__DomainObjectFieldAPIName__c":"DualPickListValues:PickListValue","%vlocity_namespace%__InterfaceFieldAPIName__c":"Products:Name","%vlocity_namespace%__IsDisabled__c":false,"%vlocity_namespace%__IsRequiredForUpsert__c":false,"%vlocity_namespace%__MapId__c":"sfiArch_GetProductsForDualPickListCustom2239","%vlocity_namespace%__OMplusSyncEnabled__c":true,"%vlocity_namespace%__UpsertKey__c":false,"VlocityRecordSObjectType":"%vlocity_namespace%__DRMapItem__c","VlocityDataPackType":"SObject","VlocityRecordSourceKey":"VlocityRecordSourceKey:a2r8V000003nzhKQAQ","VlocityDataPackIsIncluded":true,"%vlocity_namespace%__ConfigurationAttribute__c":"","%vlocity_namespace%__ConfigurationCategory__c":"","%vlocity_namespace%__ConfigurationGroup__c":"","%vlocity_namespace%__ConfigurationKey__c":"","%vlocity_namespace%__ConfigurationPattern__c":"","%vlocity_namespace%__ConfigurationProcess__c":"","%vlocity_namespace%__ConfigurationType__c":"","%vlocity_namespace%__ConfigurationValue__c":"","%vlocity_namespace%__DefaultValue__c":"","%vlocity_namespace%__DisplayType__c":"","%vlocity_namespace%__DomainObjectFieldType__c":"","%vlocity_namespace%__FilterGroup__c":"","%vlocity_namespace%__FilterOperator__c":"","%vlocity_namespace%__FilterValue__c":"","%vlocity_namespace%__FormulaOrder__c":"","%vlocity_namespace%__FormulaResultPath__c":"","%vlocity_namespace%__Formula__c":"","%vlocity_namespace%__GlobalKey__c":"","%vlocity_namespace%__InterfaceObjectLookupOrder__c":"","%vlocity_namespace%__InterfaceObjectName__c":"","%vlocity_namespace%__LinkCreatedField__c":"","%vlocity_namespace%__LinkCreatedIndex__c":"","%vlocity_namespace%__LookupDomainObjectFieldName__c":"","%vlocity_namespace%__LookupDomainObjectName__c":"","%vlocity_namespace%__LookupDomainObjectRequestedFieldName__c":"","%vlocity_namespace%__TransformValuesMap__c":""}],"VlocityRecordSObjectType":"%vlocity_namespace%__DRBundle__c","VlocityDataPackType":"SObject","VlocityRecordSourceKey":"VlocityRecordSourceKey:a2p8V0000027EIFQA2","VlocityDataPackIsIncluded":true,"%vlocity_namespace%__BatchSize__c":"","%vlocity_namespace%__CustomInputClass__c":"","%vlocity_namespace%__CustomOutputClass__c":"","%vlocity_namespace%__Description__c":"","%vlocity_namespace%__GlobalKey__c":"","%vlocity_namespace%__InputCustom__c":"","%vlocity_namespace%__InputJson__c":"","%vlocity_namespace%__InputXml__c":"","%vlocity_namespace%__OuboundStagingObjectDataField__c":"","%vlocity_namespace%__OutboundConfigurationField__c":"","%vlocity_namespace%__OutboundConfigurationName__c":"","%vlocity_namespace%__OutboundStagingObjectName__c":"","%vlocity_namespace%__PreprocessorClassName__c":"","%vlocity_namespace%__RequiredPermission__c":"","%vlocity_namespace%__SalesforcePlatformCacheType__c":"","%vlocity_namespace%__SampleInputCustom__c":"","%vlocity_namespace%__SampleInputRows__c":"","%vlocity_namespace%__SampleInputXML__c":"","%vlocity_namespace%__TargetOutCustom__c":"","%vlocity_namespace%__TargetOutDocuSignTemplateId__c":"","%vlocity_namespace%__TargetOutJson__c":"","%vlocity_namespace%__TargetOutPdfDocName__c":"","%vlocity_namespace%__TargetOutXml__c":"","%vlocity_namespace%__TimeToLiveMinutes__c":"","%vlocity_namespace%__XmlOutputSequence__c":""}]},"VlocityDataPackAllRelationships":{"efc852ae6ea48b787da2d5dc348fdf7c":"Reference by Name"},"DataPackAttachmentSize":10186,"DataPackAttachmentParentId":"a7Y8V0000009nBJUAY","DataPackAttachmentId":"00P8V00001wGSQrUAO","ActivationStatus":"NA"}],"dataPackId":"a7Y8V0000009nBJUAY","alreadyExportedKeys":[],"name":"DualPickList","description":"","version":1,"Status":"Complete"}