{"useVlocityTriggers":true,"status":"Complete","processMultiple":true,"primaryDataPackType":"OmniScript","primaryDataPackKey":"08b900f4a8f5de80beece500ad663fe8","maxDepth":-1,"isChunked":false,"ignoreAllErrors":false,"forceQueueable":false,"forceOldDataModel":null,"dataPacks":[{"VlocityPrimarySourceId":"a4q8V000004oIgGQAU","VlocityPreviousPageKey":null,"VlocityMultiPackParentKey":null,"VlocityDepthFromPrimary":0,"VlocityDataPackType":"OmniScript","VlocityDataPackStatus":"Success","VlocityDataPackRelationshipType":"Primary","VlocityDataPackRecords":[],"VlocityDataPackParents":[],"VlocityDataPackName":"SimpleGaugeSample","VlocityDataPackMessage":null,"VlocityDataPackLabel":"OmniScript","VlocityDataPackKey":"08b900f4a8f5de80beece500ad663fe8","VlocityDataPackIsNotSupported":false,"VlocityDataPackIsIncluded":true,"VlocityDataPackData":{"VlocityDataPackRelationshipType":"Primary","VlocityDataPackKey":"08b900f4a8f5de80beece500ad663fe8","VlocityDataPackLabel":"OmniScript","VlocityDataPackType":"OmniScript","Id":"a4q8V000004oIgGQAU","%vlocity_namespace%__OmniScript__c":[{"Id":"a4q8V000004oIgGQAU","Name":"SimpleGaugeSample","MayEdit":true,"IsLocked":false,"%vlocity_namespace%__DisableMetadataCache__c":false,"%vlocity_namespace%__ElementTypeToHTMLTemplateList__c":"{\"ElementTypeToHTMLTemplateList\":[]}","%vlocity_namespace%__IsLwcEnabled__c":true,"%vlocity_namespace%__IsProcedure__c":false,"%vlocity_namespace%__IsReusable__c":false,"%vlocity_namespace%__IsTest__c":false,"%vlocity_namespace%__Language__c":"English","%vlocity_namespace%__LwcId__c":"29ea08bd-eb03-f51c-bc88-9e8946d896bc","%vlocity_namespace%__OmniProcessType__c":"OmniScript","%vlocity_namespace%__PropertySet__c":"{\"persistentComponent\":[{\"render\":false,\"label\":\"\",\"remoteClass\":\"\",\"remoteMethod\":\"\",\"remoteTimeout\":30000,\"remoteOptions\":{\"preTransformBundle\":\"\",\"postTransformBundle\":\"\"},\"preTransformBundle\":\"\",\"postTransformBundle\":\"\",\"sendJSONPath\":\"\",\"sendJSONNode\":\"\",\"responseJSONPath\":\"\",\"responseJSONNode\":\"\",\"id\":\"vlcCart\",\"itemsKey\":\"cartItems\",\"modalConfigurationSetting\":{\"modalHTMLTemplateId\":\"vlcProductConfig.html\",\"modalController\":\"ModalProductCtrl\",\"modalSize\":\"lg\"}},{\"render\":false,\"dispOutsideOmni\":false,\"label\":\"\",\"remoteClass\":\"\",\"remoteMethod\":\"\",\"remoteTimeout\":30000,\"remoteOptions\":{\"preTransformBundle\":\"\",\"postTransformBundle\":\"\"},\"preTransformBundle\":\"\",\"postTransformBundle\":\"\",\"id\":\"vlcKnowledge\",\"itemsKey\":\"knowledgeItems\",\"modalConfigurationSetting\":{\"modalHTMLTemplateId\":\"\",\"modalController\":\"\",\"modalSize\":\"lg\"}}],\"allowSaveForLater\":true,\"saveNameTemplate\":null,\"saveExpireInDays\":null,\"saveForLaterRedirectPageName\":\"sflRedirect\",\"saveForLaterRedirectTemplateUrl\":\"vlcSaveForLaterAcknowledge.html\",\"saveContentEncoded\":false,\"saveObjectId\":\"%ContextId%\",\"saveURLPatterns\":{},\"autoSaveOnStepNext\":false,\"elementTypeToHTMLTemplateMapping\":{},\"seedDataJSON\":{},\"trackingCustomData\":{},\"enableKnowledge\":false,\"bLK\":false,\"lkObjName\":null,\"knowledgeArticleTypeQueryFieldsMap\":{},\"timeTracking\":false,\"hideStepChart\":false,\"mergeSavedData\":false,\"visualforcePagesAvailableInPreview\":{},\"cancelType\":\"SObject\",\"allowCancel\":true,\"cancelSource\":\"%ContextId%\",\"cancelRedirectPageName\":\"OmniScriptCancelled\",\"cancelRedirectTemplateUrl\":\"vlcCancelled.html\",\"consoleTabLabel\":\"New\",\"wpm\":false,\"ssm\":false,\"message\":{},\"pubsub\":false,\"autoFocus\":false,\"currencyCode\":\"\",\"showInputWidth\":false,\"rtpSeed\":false,\"consoleTabTitle\":null,\"consoleTabIcon\":\"custom:custom18\",\"errorMessage\":{\"custom\":[]},\"stylesheet\":{\"newport\":\"\",\"lightning\":\"\",\"newportRtl\":\"\",\"lightningRtl\":\"\"},\"stepChartPlacement\":\"right\",\"disableUnloadWarn\":true,\"scrollBehavior\":\"auto\",\"currentLanguage\":\"en_US\"}","%vlocity_namespace%__SubType__c":"SimpleGaugeSample","%vlocity_namespace%__Type__c":"Demo","%vlocity_namespace%__Version__c":1,"%vlocity_namespace%__IsActive__c":false,"%vlocity_namespace%__Element__c":[{"Id":"a3D8V000004hVPrUAM","Name":"Step1","MayEdit":true,"IsLocked":false,"%vlocity_namespace%__OmniScriptId__c":{"Name":"SimpleGaugeSample","VlocityRecordSObjectType":"%vlocity_namespace%__OmniScript__c","VlocityDataPackType":"VlocityMatchingKeyObject","VlocityMatchingRecordSourceKey":"VlocityRecordSourceKey:a4q8V000004oIgGQAU"},"%vlocity_namespace%__Active__c":true,"%vlocity_namespace%__Level__c":0,"%vlocity_namespace%__OmniScriptVersion__c":1,"%vlocity_namespace%__Order__c":0,"%vlocity_namespace%__PropertySet__c":"{\"label\":\"Step 1\",\"validationRequired\":true,\"previousLabel\":\"Previous\",\"previousWidth\":3,\"nextLabel\":\"Next\",\"nextWidth\":3,\"cancelLabel\":\"Cancel\",\"cancelMessage\":\"Are you sure?\",\"saveLabel\":\"Save for later\",\"saveMessage\":\"Are you sure you want to save it for later?\",\"completeLabel\":\"Complete\",\"completeMessage\":\"Are you sure you want to complete the script?\",\"instruction\":\"\",\"showPersistentComponent\":[true,false],\"remoteClass\":\"\",\"remoteMethod\":\"\",\"remoteTimeout\":30000,\"remoteOptions\":{},\"knowledgeOptions\":{\"language\":\"English\",\"publishStatus\":\"Online\",\"keyword\":\"\",\"dataCategoryCriteria\":\"\",\"remoteTimeout\":30000,\"typeFilter\":\"\"},\"show\":null,\"conditionType\":\"Hide if False\",\"HTMLTemplateId\":\"\",\"instructionKey\":\"\",\"chartLabel\":null,\"allowSaveForLater\":true,\"errorMessage\":{\"custom\":[],\"default\":null},\"wpm\":false,\"ssm\":false,\"message\":{},\"pubsub\":false,\"businessCategory\":\"\",\"businessEvent\":\"\"}","%vlocity_namespace%__ReusableOmniScript__c":false,"%vlocity_namespace%__Type__c":"Step","VlocityRecordSObjectType":"%vlocity_namespace%__Element__c","VlocityDataPackType":"SObject","VlocityRecordSourceKey":"VlocityRecordSourceKey:a3D8V000004hVPrUAM","VlocityDataPackIsIncluded":true,"%vlocity_namespace%__InternalNotes__c":"","%vlocity_namespace%__ParentElementId__c":"","%vlocity_namespace%__SearchKey__c":""},{"Id":"a3D8V000004hVPwUAM","Name":"CustomLWC1","MayEdit":true,"IsLocked":false,"%vlocity_namespace%__OmniScriptId__c":{"Name":"SimpleGaugeSample","VlocityRecordSObjectType":"%vlocity_namespace%__OmniScript__c","VlocityDataPackType":"VlocityMatchingKeyObject","VlocityMatchingRecordSourceKey":"VlocityRecordSourceKey:a4q8V000004oIgGQAU"},"%vlocity_namespace%__Active__c":true,"%vlocity_namespace%__Level__c":1,"%vlocity_namespace%__OmniScriptVersion__c":1,"%vlocity_namespace%__Order__c":0,"%vlocity_namespace%__ParentElementId__c":{"Name":"Step1","%vlocity_namespace%__OmniScriptId__c":{"Name":"SimpleGaugeSample","VlocityRecordSObjectType":"%vlocity_namespace%__OmniScript__c","VlocityDataPackType":"VlocityMatchingKeyObject","VlocityMatchingRecordSourceKey":"VlocityRecordSourceKey:a4q8V000004oIgGQAU"},"VlocityRecordSObjectType":"%vlocity_namespace%__Element__c","VlocityDataPackType":"VlocityMatchingKeyObject","VlocityMatchingRecordSourceKey":"VlocityRecordSourceKey:a3D8V000004hVPrUAM"},"%vlocity_namespace%__ParentElementName__c":"Step1","%vlocity_namespace%__ParentElementType__c":"Step","%vlocity_namespace%__PropertySet__c":"{\"controlWidth\":12,\"label\":\"CustomLWC1\",\"show\":null,\"conditionType\":\"Hide if False\",\"hide\":false,\"lwcName\":\"simpleGaugeDisplay\",\"bStandalone\":false,\"customAttributes\":[{\"name\":\"current_value\",\"source\":\"250\"},{\"name\":\"lwc_title\",\"source\":\"Test Gauge\"},{\"name\":\"max_value\",\"source\":\"500\"},{\"name\":\"gauge_height\",\"source\":\"12rem\"},{\"name\":\"simple_icon\",\"source\":\"utility:graph\"},{\"name\":\"imple_help_text\",\"source\":\"Help Text\"},{\"name\":\"zone1_color\",\"source\":\"green\"},{\"name\":\"zone2_color\",\"source\":\"yellow\"},{\"name\":\"zone3_color\",\"source\":\"red\"},{\"name\":\"zone1_max\",\"source\":\"70\"},{\"name\":\"zone2_max\",\"source\":\"90\"}]}","%vlocity_namespace%__ReusableOmniScript__c":false,"%vlocity_namespace%__Type__c":"Custom Lightning Web Component","VlocityRecordSObjectType":"%vlocity_namespace%__Element__c","VlocityDataPackType":"SObject","VlocityRecordSourceKey":"VlocityRecordSourceKey:a3D8V000004hVPwUAM","VlocityDataPackIsIncluded":true,"%vlocity_namespace%__InternalNotes__c":"","%vlocity_namespace%__SearchKey__c":""}],"VlocityRecordSObjectType":"%vlocity_namespace%__OmniScript__c","VlocityDataPackType":"SObject","VlocityRecordSourceKey":"VlocityRecordSourceKey:a4q8V000004oIgGQAU","VlocityDataPackIsIncluded":true,"%vlocity_namespace%__AdditionalInformation__c":"","%vlocity_namespace%__CustomJavaScript__c":"","%vlocity_namespace%__DataRaptorBundleId__c":"","%vlocity_namespace%__JSON_Output__c":"","%vlocity_namespace%__LastPreviewPage__c":"","%vlocity_namespace%__ProcedureKey__c":"","%vlocity_namespace%__ProcedureResponseCacheType__c":"","%vlocity_namespace%__RequiredPermission__c":"","%vlocity_namespace%__TestHTMLTemplates__c":""}]},"VlocityDataPackAllRelationships":{},"DataPackAttachmentSize":8448,"DataPackAttachmentParentId":"a7Y8V0000009nBOUAY","DataPackAttachmentId":"00P8V00001wGatYUAS","ActivationStatus":"Ready"}],"dataPackId":"a7Y8V0000009nBOUAY","alreadyExportedKeys":[],"name":"SimpleGaugeSample","description":"","version":1,"Status":"Complete"}